1,1,our fax number has changed,7,swipe_left,the  of  and  to  a,BIT AFLX HS MOQ GPUY CJKR NWZ DEV,MOQ GPUY CJKR,gesture_next
1,1,our fax number has changed,899,moq,the  of  and  to  a,BIT AFLX HS MOQ GPUY CJKR NWZ DEV,MOQ GPUY CJKR,select_key
1,1,our fax number has changed,1762,gpuy,m  o  q  of  on,AFLX GPUY NWZ MOQ DEV CJKR BIT HS,AFLX GPUY NWZ,select_key
1,1,our fax number has changed,3245,cjkr,my  mg  mp  oy  op,BIT CJKR DEV HS AFLX GPUY MOQ NWZ,BIT CJKR DEV,select_key
1,1,our fax number has changed,6079,our,our  ogc  myc  much,HS DEV BIT AFLX GPUY CJKR MOQ NWZ,HS DEV BIT,select_word
1,1,our fax number has changed,7569,aflx,the  of  and  to  a,BIT AFLX HS MOQ GPUY CJKR NWZ DEV,BIT AFLX HS,select_key
1,1,our fax number has changed,8476,swipe_left,a  f  l  x  and,NWZ BIT MOQ AFLX CJKR DEV HS GPUY,AFLX CJKR DEV,gesture_next
1,1,our fax number has changed,9422,aflx,a  f  l  x  and,NWZ BIT MOQ AFLX CJKR DEV HS GPUY,AFLX CJKR DEV,select_key
1,1,our fax number has changed,10914,aflx,al  la  xx  ll  aa,AFLX BIT CJKR HS MOQ NWZ GPUY DEV,AFLX BIT CJKR,select_key
1,1,our fax number has changed,11914,fax,all  fax  faa  fla  aaa,MOQ DEV AFLX BIT GPUY HS NWZ CJKR,MOQ DEV AFLX,select_word
1,1,our fax number has changed,13504,swipe_left,the  of  and  to  a,BIT AFLX HS MOQ GPUY CJKR NWZ DEV,MOQ GPUY CJKR,gesture_next
1,1,our fax number has changed,14686,swipe_left,the  of  and  to  a,BIT AFLX HS MOQ GPUY CJKR NWZ DEV,CJKR NWZ DEV,gesture_next
1,1,our fax number has changed,15501,nwz,the  of  and  to  a,BIT AFLX HS MOQ GPUY CJKR NWZ DEV,CJKR NWZ DEV,select_key
1,1,our fax number has changed,17077,swipe_left,n  w  z  was  with,DEV MOQ AFLX HS BIT GPUY CJKR NWZ,HS BIT GPUY,gesture_next
1,1,our fax number has changed,18036,gpuy,n  w  z  was  with,DEV MOQ AFLX HS BIT GPUY CJKR NWZ,HS BIT GPUY,select_key
1,1,our fax number has changed,19247,moq,wp  ng  ny  np  wg,MOQ CJKR BIT AFLX DEV GPUY HS NWZ,MOQ CJKR BIT,select_key
1,1,our fax number has changed,20301,number,number  numbers,BIT DEV MOQ AFLX HS GPUY CJKR NWZ,BIT DEV MOQ,select_word
1,1,our fax number has changed,21880,hs,the  of  and  to  a,BIT AFLX HS MOQ GPUY CJKR NWZ DEV,BIT AFLX HS,select_key
1,1,our fax number has changed,22884,aflx,s  h  have  he  so,AFLX BIT DEV MOQ GPUY HS CJKR NWZ,AFLX BIT DEV,select_key
